{"Place":["Uzbekistan"],"Tweet":"You are my reason to smile🌌💜\n#JHOPEPlazaClaroColombia #BTS @BTS_twt #JHOPE https://t.co/zeeOO6zYyT","Language":"en","Retweet":0,"Replies":0,"Likes":0,"Quotes":0,"Created At":"2021-02-12T12:09:39.000Z"}
{"Place":["Pyeongtaek-si, Republic of Korea"],"Tweet":"위로받고 싶을 때 들어보세요 영탁이불\n\n#영탁 #youngtak #영탁이불 #영탁신곡 #vlive\n\n#영탁의불쑥tv #노래추천 #좋아요 #daily #mood #kpop #music #comforter #valentine \n\n#발렌타인데이 https://t.co/9pJR06oz2D","Language":"ko","Retweet":0,"Replies":0,"Likes":0,"Quotes":0,"Created At":"2021-02-12T12:11:48.000Z"}
{"Place":["Uzbekistan"],"Tweet":"When the night is dark, all I can see is your smiles🌌💜\n#BTS @BTS_twt #BTS_twt #방탄소년단 #4YearsWithSpringDay https://t.co/cQVeHi1iH9","Language":"en","Retweet":0,"Replies":0,"Likes":0,"Quotes":0,"Created At":"2021-02-12T12:12:44.000Z"}
{"Place":["Sapporo-shi Toyohira-ku, Hokkaidō"],"Tweet":"パセオ札幌でBTSのPOPUP SHOPやってんだけど、、今は混んでなくて、ゆっくり店内のグッズ見れました☺️✨　テテのぬいぐるみとマステとキーホルダー（テテとジミンちゃん）げっとしたお⭐️❤️ めっちゃかわいい😍　#BTS  #TinyTAN #テテ　#テヒョン　#ジミンちゃん https://t.co/m73yBA7UFz","Language":"ja","Retweet":0,"Replies":0,"Likes":0,"Quotes":0,"Created At":"2021-02-12T12:20:33.000Z"}
{"Place":["Kazakhstan"],"Tweet":"Hi Engenes!🤗\nPlease watch my #ENHYPEN - #10Months DANCE COVER 🐶👇\nW / Antony Song🙈\n.\n#NI_KI #JUNGWON #SUNOO #SUNGHOON #JAY #JAKE #HEESEUNG #Dance #kpop #BTS #BigHit https://t.co/cqR78FE0jw","Language":"en","Retweet":0,"Replies":0,"Likes":0,"Quotes":0,"Created At":"2021-02-12T12:32:30.000Z"}
{"Place":["Brick Live Café by BTS"],"Tweet":"วันสุดท้ายไม่ท้ายสุด 🤧🤏🏻 #BTS #방탄소년단 🌈🍭 https://t.co/pEkDQ9VmnY","Language":"th","Retweet":0,"Replies":0,"Likes":0,"Quotes":0,"Created At":"2021-02-12T12:32:48.000Z"}
{"Place":["Makati City, National Capital Region"],"Tweet":"Forehead series except for Jimin 😂😂 https://t.co/ffYFSgmClg","Language":"en","Retweet":0,"Replies":0,"Likes":0,"Quotes":0,"Created At":"2021-02-12T12:38:14.000Z"}
{"Place":["Changwon-si, Republic of Korea"],"Tweet":"위로받고 싶을 때 들어보세요 영탁 이불\n#영탁 #youngtak #영탁이불 #영탁신곡 #vlive #영탁의불쑥tv #노래추천 #좋아요 #daily #mood #kpop #music #comforter #valentine #발렌타인데이 https://t.co/1gRh3SIbSI","Language":"ko","Retweet":0,"Replies":0,"Likes":0,"Quotes":0,"Created At":"2021-02-12T12:38:21.000Z"}
{"Place":["Saraikela Kharsawan, India"],"Tweet":"#Vh1Playlist please play  blood sweat and tears by #bts 💜💜💜\nPlease please please please please please please please please please please please please @Vh1India","Language":"en","Retweet":0,"Replies":0,"Likes":1,"Quotes":0,"Created At":"2021-02-12T12:38:56.000Z"}
{"Place":["Dacca, Bangladesh"],"Tweet":"Our volunteers are at work for the 'Project Hope World : Bringing Comfort for Children' 💜\n\n#BTS #BDARMY #BangladeshiARMY @BTS_twt https://t.co/jpQwlsNwUM","Language":"en","Retweet":0,"Replies":0,"Likes":0,"Quotes":0,"Created At":"2021-02-12T12:40:09.000Z"}
{"Place":["Changwon-si, Republic of Korea"],"Tweet":"위로받고 싶을 때 들어보세요 영탁 이불\n#영탁 #youngtak #영탁이불 #영탁신곡 #vlive #영탁의불쑥tv #노래추천 #좋아요 #daily #mood #kpop #music #comforter #valentine #발렌타인데이 https://t.co/Jdz4F1eoqY","Language":"ko","Retweet":0,"Replies":0,"Likes":0,"Quotes":0,"Created At":"2021-02-12T12:41:27.000Z"}
{"Place":["Kazakhstan"],"Tweet":"Hi Engenes!🤗\nPlease watch my #ENHYPEN - #10Months DANCE COVER 🐶👇\nW / Antony Song🙈\n.\n#NI_KI #JUNGWON #SUNOO #SUNGHOON #JAY #JAKE #HEESEUNG #Dance #kpop #BTS #BigHit https://t.co/i1tmVuTo3s","Language":"en","Retweet":0,"Replies":0,"Likes":0,"Quotes":0,"Created At":"2021-02-12T12:42:29.000Z"}
{"Place":["Changwon-si, Republic of Korea"],"Tweet":"위로받고 싶을 때 들어보세요 영탁 이불\n#영탁 #youngtak #영탁이불 #영탁신곡 #vlive #영탁의불쑥tv #노래추천 #좋아요 #daily #mood #kpop #music #comforter #valentine #발렌타인데이 https://t.co/UU8cSRSq5z","Language":"ko","Retweet":0,"Replies":0,"Likes":0,"Quotes":0,"Created At":"2021-02-12T12:48:50.000Z"}
{"Place":["Saraikela Kharsawan, India"],"Tweet":"#Vh1Playlist can you please play spring day by #bts 💜💜💜 @Vh1India please today's the day spring day was released 💜💜","Language":"en","Retweet":0,"Replies":0,"Likes":0,"Quotes":0,"Created At":"2021-02-12T12:56:21.000Z"}
{"Place":["Oklahoma City, OK"],"Tweet":"#stillsnowing #byeoklahoma #seeyouinaweek #staysafe 🙏🙏🙏🥶 #icandothis ❤️💕🙏🙌🥰 #actorslife #wd #au #bts #🎬 #onlocation #breaktime @kenbaileyorman #seeyousoon #barkley #reunited #mobarken @ Oklahoma City, Oklahoma https://t.co/PS8SdbvVmT","Language":"sl","Retweet":0,"Replies":0,"Likes":0,"Quotes":0,"Created At":"2021-02-12T18:38:04.000Z"}
{"Place":["Duque de Caxias, Brasil"],"Tweet":"#HYUNA_IMNOTCOOL \n#kpop\n#PNATION https://t.co/uvxO0AzSK9","Language":"und","Retweet":0,"Replies":0,"Likes":0,"Quotes":0,"Created At":"2021-02-12T18:42:39.000Z"}
{"Place":["Duque de Caxias, Brasil"],"Tweet":"#G_IDLE \n#princess\n#kpop\n#win\n#HWAA https://t.co/7KnYjNL7ya","Language":"und","Retweet":0,"Replies":0,"Likes":0,"Quotes":0,"Created At":"2021-02-12T18:45:19.000Z"}
{"Place":["Duque de Caxias, Brasil"],"Tweet":"#G_IDLE \n#kpop https://t.co/E3tSxS0zFd","Language":"und","Retweet":0,"Replies":0,"Likes":0,"Quotes":0,"Created At":"2021-02-12T18:46:18.000Z"}
{"Place":["Ukraine"],"Tweet":"УКРАИНСКИЕ АРМИ!!! ПОДДЕРЖИТЕ, ПОЖАЛУЙСТА, НЕСКОЛЬКОИ ПОСТОВ НА ВИВЕРСЕ О ПРОЕКТЕ КО ДНЮ РОЖДЕНИЯ ХОБИ И ЮНГИ, ОНИ СЕЙЧАС НАХОДЯТСЯ В ТРЕНДАХ\n#BTS #ARMY #SopeDayUkraine https://t.co/WcfXsq6tiz","Language":"ru","Retweet":0,"Replies":0,"Likes":0,"Quotes":0,"Created At":"2021-02-12T18:47:46.000Z"}
{"Place":["Campos dos Goytacazes, Brasil"],"Tweet":"@angelisjm A fazenda #afazenda #bbb #karol #gil #Sarah #Juliette\n#BTS  #BANGTAN #KimNamjoon #KimSeokjin #MinYoongi \n#JungHoseok #ParkJimin #KimTaehyung #JeonJungkook \n#Jikook #Taekook #vmin #vhope #sope #Yonseok #vkook #Minimoni #Taejin #Taegi #Jinhope #jihope\n\nhttps://t.co/2N49xmlQ5f","Language":"pt","Retweet":0,"Replies":0,"Likes":0,"Quotes":0,"Created At":"2021-02-12T18:49:50.000Z"}
{"Place":["Lat Yao, Thailand"],"Tweet":"https://t.co/9FbkamwC0a","Language":"und","Retweet":0,"Replies":0,"Likes":0,"Quotes":0,"Created At":"2021-02-12T18:50:18.000Z"}
{"Place":["Jersey City, NJ"],"Tweet":"More #BTS of @1zzybee_’s music video. Drops on Sunday! @ Jersey City, New Jersey https://t.co/uzKpNy1rH5","Language":"en","Retweet":0,"Replies":0,"Likes":0,"Quotes":0,"Created At":"2021-02-12T19:03:33.000Z"}
{"Place":["Tula de Allende, Hidalgo"],"Tweet":"[INFO]@BTS_twt #BTS #V #뷔 #방탄소년단뷔\n\n'Scenery' by V ha superado las 192.000.000 de reproducciones en Soundcloud!SoundCloud! 💚🎉\n\n© BTSVChartData\nV MXCO | Hyunah💫 https://t.co/hXhcBu15Ja","Language":"en","Retweet":0,"Replies":0,"Likes":1,"Quotes":0,"Created At":"2021-02-12T19:11:47.000Z"}
