{"Place":["Americana, Brasil"],"Tweet":"EXO EM HIATUS E AINDA ASSIM TA NO EM #2 AMO MEUS REIS https://t.co/TXyQ1CefUY","Language":"pt","Retweet":0,"Replies":0,"Likes":0,"Quotes":0,"Created At":"2021-02-12T16:11:30.000Z"}
{"Place":["Baltimore, MD"],"Tweet":"#1000images #bts 💜🔥💜 https://t.co/VTDvHFxeAR","Language":"und","Retweet":0,"Replies":0,"Likes":0,"Quotes":0,"Created At":"2021-02-12T16:12:28.000Z"}
{"Place":["Saidapet, India"],"Tweet":"💜💜💜😍😍😍😍😍😍😍 love you BTS 💜 ARMY Forever 💜💜 https://t.co/jllJstH55d","Language":"en","Retweet":0,"Replies":0,"Likes":0,"Quotes":0,"Created At":"2021-02-12T16:13:43.000Z"}
{"Place":["Lapu-Lapu City, Central Visayas"],"Tweet":"💜💜💜 https://t.co/QhW1o6fQUN","Language":"und","Retweet":0,"Replies":0,"Likes":0,"Quotes":0,"Created At":"2021-02-12T16:22:02.000Z"}
{"Place":["General Trias, Calabarzon"],"Tweet":"the speaker &amp; aquarium 🥺 https://t.co/t92Q6bsjzC","Language":"en","Retweet":0,"Replies":0,"Likes":0,"Quotes":0,"Created At":"2021-02-12T16:24:58.000Z"}
{"Place":["Spain"],"Tweet":"Baby kookie 🥺💖💖\n.\ncr tiktok//chocolattaekim\n.\n.\n#jeonjungkookedit #jeonjeongguk #jungkookedits #jungkookeditsbts #kookiebts #btsedits #jkedit #jkedits #jungkook #bts #jungkookbts #btsjungkook https://t.co/3FXw8XlpCE","Language":"pl","Retweet":0,"Replies":0,"Likes":1,"Quotes":0,"Created At":"2021-02-12T16:28:50.000Z"}
{"Place":["Makati City, National Capital Region"],"Tweet":"BAKIT DI HQ 😭 https://t.co/B12nv4Nkxg","Language":"tr","Retweet":0,"Replies":0,"Likes":0,"Quotes":0,"Created At":"2021-02-12T16:31:00.000Z"}
{"Place":["Kita-ku, Okayama"],"Tweet":"陸翔さんとカケルさんと写真撮った🤩✨\n\n2人ともイケメン、優しいです😆😆\n\n#ホスト\n#岡山\n#歌舞伎町\n#ミナミ\n#錦\n#すすきの\n#初回\n#初回指名\n#DM\n#韓国男子\n#ホス狂い\n#担当\n#レペゼン地球\n#BTS\n#DJふぉい\n#candyfoxx https://t.co/sOPIDCtyxz","Language":"ja","Retweet":0,"Replies":0,"Likes":0,"Quotes":0,"Created At":"2021-02-12T16:33:42.000Z"}
{"Place":["Manhattan, NY"],"Tweet":"#MarkTuan_OneInAMillion\n@marktuan #MarkTuanStudios #TeamWang #ChineseNewYear #YearOfTheOx @CAgovernor @KeyshiaCole @chrisbrown @NYGovCuomo @jus2daily @defdaily @teamwangofcl @Koreaboo @arirangtvnews @ChinaDaily #Unity @XHNews #Korea #KPop #JPop #MPop #Pop @ABC7NY @abc7newsbayarea https://t.co/MZNyF9Mdra","Language":"und","Retweet":0,"Replies":0,"Likes":0,"Quotes":0,"Created At":"2021-02-12T16:58:52.000Z"}
{"Place":["Manhattan, NY"],"Tweet":"#MarkTuan_OneInAMillion\n@marktuan #MarkTuanStudios #TeamWang #ChineseNewYear #YearOfTheOx @CAgovernor @KeyshiaCole @chrisbrown @NYGovCuomo @jus2daily @defdaily @teamwangofcl @Koreaboo @arirangtvnews @ChinaDaily #Unity @XHNews #Korea #KPop #JPop #MPop #Pop @ABC7NY @abc7newsbayarea https://t.co/GBHYh5KIMo","Language":"und","Retweet":0,"Replies":0,"Likes":0,"Quotes":0,"Created At":"2021-02-12T16:59:13.000Z"}
{"Place":["Detroit, MI"],"Tweet":"Back at it again! BTS @bxjbeautyco Photoshoot \n\n#selfie #beauty #photoshop #modeling #castingcall #photographer #bts https://t.co/Yo8nwcwqLh","Language":"en","Retweet":0,"Replies":0,"Likes":0,"Quotes":0,"Created At":"2021-02-12T17:01:40.000Z"}
{"Place":["Detroit, MI"],"Tweet":"New things are coming! Stat tuned 💗 https://t.co/G4BE2ZpoXS","Language":"en","Retweet":0,"Replies":0,"Likes":0,"Quotes":0,"Created At":"2021-02-12T17:03:39.000Z"}
{"Place":["Kuta, Indonesia"],"Tweet":"Taegiikuuu https://t.co/s5dSpXjJMr","Language":"et","Retweet":0,"Replies":0,"Likes":0,"Quotes":0,"Created At":"2021-02-12T17:08:24.000Z"}
{"Place":["Kuta, Indonesia"],"Tweet":"Speaker yow....\nAquarium kiyowo unch... \nJeykeyhey~ https://t.co/f7oTVwfZyb","Language":"de","Retweet":0,"Replies":0,"Likes":0,"Quotes":0,"Created At":"2021-02-12T17:52:27.000Z"}
{"Place":["Bang Khen, Thailand"],"Tweet":"#หาคนหารค่าส่ง. วันนี้สุดท้ายแล้วนะคะ Pre-order — BE (Essential Edition) ได้ของแถมค่ะ\nกดตรงจาก Weverse Shop \nราคา : 790.- ค่าส่ง 50บาท\nปิดรับ : 13/2\nมัดจำ 400บาท   #ตลาดนัดบังทัน #bts #ตลาดบีทีเอส  #อัลบั้มbts  #อัมบั้มบังทัน https://t.co/JGoC0wP0G3","Language":"th","Retweet":0,"Replies":0,"Likes":0,"Quotes":0,"Created At":"2021-02-12T18:16:27.000Z"}
{"Place":["Changwon-si, Republic of Korea"],"Tweet":"위로받고 싶을 때 들어보세요 영탁 이불\n#영탁 #youngtak #영탁이불 #영탁신곡 #vlive #영탁의불쑥tv #노래추천 #좋아요 #daily #mood #kpop #music #comforter #valentine #발렌타인데이 https://t.co/bq7H4AY19a","Language":"ko","Retweet":0,"Replies":0,"Likes":1,"Quotes":0,"Created At":"2021-02-12T18:21:24.000Z"}
{"Place":["Changwon-si, Republic of Korea"],"Tweet":"위로받고 싶을 때 들어보세요 영탁 이불\n#영탁 #youngtak #영탁이불 #영탁신곡 #vlive #영탁의불쑥tv #노래추천 #좋아요 #daily #mood #kpop #music #comforter #valentine #발렌타인데이 https://t.co/y1Ps3YKmlZ","Language":"ko","Retweet":0,"Replies":0,"Likes":0,"Quotes":0,"Created At":"2021-02-12T18:22:34.000Z"}
{"Place":["North El Monte, CA"],"Tweet":"HIF about the #Mandalorian \n\n#caradune #jhope #starwars #tealovers #GinaCarano #BTSLoveMyself #Trump\n#JHOPE_IS_MY_HOPE #BTS #btasarmy https://t.co/pa884HDWzV","Language":"en","Retweet":0,"Replies":0,"Likes":0,"Quotes":0,"Created At":"2021-02-12T18:27:20.000Z"}
{"Place":["Bexley, London"],"Tweet":"@HiraMani_real @ManiSalmanKhi @ippawards @MagahmedMag #bts #pakistanistars #drama #showbiz https://t.co/ZOaZ3OTN3A","Language":"und","Retweet":0,"Replies":0,"Likes":1,"Quotes":0,"Created At":"2021-02-12T18:29:12.000Z"}
{"Place":["Changwon-si, Republic of Korea"],"Tweet":"위로받고 싶을 때 들어보세요 영탁 이불\n#영탁 #youngtak #영탁이불 #영탁신곡 #vlive #영탁의불쑥tv #노래추천 #좋아요 #daily #mood #kpop #music #comforter #valentine #발렌타인데이 https://t.co/RKbmzfzwNF","Language":"ko","Retweet":0,"Replies":0,"Likes":1,"Quotes":0,"Created At":"2021-02-12T18:30:26.000Z"}
