{"Place":["Santa Fé, Argentina"],"Tweet":"AHHHH AMOO QUE CUTEEEE AHHH \n@BTS_twt 💜💜💜 https://t.co/AlVNxcSaLG https://t.co/ZGGgFWL18f","Language":"es","Retweet":0,"Replies":0,"Likes":0,"Quotes":0,"Created At":"2021-02-12T15:08:29.000Z"}
{"Place":["Dhaka, Bangladesh"],"Tweet":"Aigoo~~ 🥺💜😭\nHe give us a speaker.. \n#jungkook𓃹\nhttps://t.co/udvCrZPmCr","Language":"en","Retweet":0,"Replies":0,"Likes":0,"Quotes":0,"Created At":"2021-02-12T15:09:12.000Z"}
{"Place":["Kazakhstan"],"Tweet":"Аквариум с рыбкой и колонки 😭💜 https://t.co/0TNI6OBvgD","Language":"ru","Retweet":0,"Replies":0,"Likes":0,"Quotes":0,"Created At":"2021-02-12T15:09:33.000Z"}
{"Place":["Kazakhstan"],"Tweet":"🥰🥰 https://t.co/w2DOhSvFG2","Language":"und","Retweet":0,"Replies":0,"Likes":0,"Quotes":0,"Created At":"2021-02-12T15:10:34.000Z"}
{"Place":["Neuquén, Argentina"],"Tweet":"Esperando su #cumple #BTS #JHOPE  #armyargentina https://t.co/KPqrAL5INg","Language":"es","Retweet":0,"Replies":0,"Likes":0,"Quotes":0,"Created At":"2021-02-12T15:11:09.000Z"}
{"Place":["Carapicuíba, Brasil"],"Tweet":"Yoon!! https://t.co/mxWk5zCmzn https://t.co/tbfJ2vdbcj","Language":"en","Retweet":0,"Replies":0,"Likes":0,"Quotes":0,"Created At":"2021-02-12T15:13:04.000Z"}
{"Place":["Ivry-sur-Seine, France"],"Tweet":"Aujourd’hui, on dit au revoir 👋 et merci 🙏 à nos stagiaires accueillis à @EcoleEPSAA \n👩🏼‍🎤Oumnya en 3ème au collège #public St Exupéry, Paris 14\n👨🏻‍🎤Nathan, en #BTS #communication à l’ENC-Bessieres.\n©️L’#Epsaa vue par Oumnya et la gravure qu’elle a réalisée en cours avec les #prepa https://t.co/jdMVbUJzsM","Language":"fr","Retweet":0,"Replies":1,"Likes":0,"Quotes":0,"Created At":"2021-02-12T15:14:08.000Z"}
{"Place":["Giri, Indonesia"],"Tweet":"Request @5ecretNumber  Song Here 👇 #SECRET_NUMBER https://t.co/USqkAVY4qK","Language":"en","Retweet":0,"Replies":0,"Likes":0,"Quotes":0,"Created At":"2021-02-12T15:16:19.000Z"}
{"Place":["Kerala, India"],"Tweet":"I'm playing \"Still with you \" Jungkookie 🥺💜 https://t.co/uT64VTfYq4","Language":"en","Retweet":0,"Replies":0,"Likes":0,"Quotes":0,"Created At":"2021-02-12T15:17:36.000Z"}
{"Place":["Jesolo, Veneto"],"Tweet":"🥺 https://t.co/IhQddCOvvI","Language":"und","Retweet":0,"Replies":0,"Likes":0,"Quotes":0,"Created At":"2021-02-12T15:19:25.000Z"}
{"Place":["Manhattan, NY"],"Tweet":"#MarkTuan_OneInAMillion\n@marktuan #MarkTuanStudios #TeamWang #ChineseNewYear #YearOfTheOx @CAgovernor @KeyshiaCole @chrisbrown @NYGovCuomo @jus2daily @defdaily @teamwangofcl @Koreaboo @arirangtvnews @ChinaDaily #Unity @XHNews #Korea #KPop #JPop #MPop #Pop @ABC7NY @abc7newsbayarea https://t.co/WEGJaRZNP6","Language":"und","Retweet":0,"Replies":0,"Likes":0,"Quotes":0,"Created At":"2021-02-12T15:21:00.000Z"}
{"Place":["Sawangan, Indonesia"],"Tweet":"Mwakasiw, aku juga selalu sediain speaker di kamar 🥰🥰🥰 https://t.co/CU2H5QwnjC","Language":"in","Retweet":0,"Replies":0,"Likes":0,"Quotes":0,"Created At":"2021-02-12T15:21:33.000Z"}
{"Place":["Paranaque City, National Capital Region"],"Tweet":"We all know that speakers are the one JK will put, bookself for RM and bed for sleepy ming ming. https://t.co/buNVUCoATr","Language":"en","Retweet":0,"Replies":0,"Likes":0,"Quotes":0,"Created At":"2021-02-12T15:22:11.000Z"}
{"Place":["Bærum, Norge"],"Tweet":"To answer jungkook’s answer, the first two songs that came to my mind were Louder than Bombs and Stay 🥺😌 https://t.co/lF1juEnVoE","Language":"en","Retweet":0,"Replies":0,"Likes":0,"Quotes":0,"Created At":"2021-02-12T15:23:06.000Z"}
{"Place":["Kelang, Selangor"],"Tweet":"'magic shop' jk https://t.co/w3ucZdNVSs","Language":"en","Retweet":0,"Replies":0,"Likes":0,"Quotes":0,"Created At":"2021-02-12T15:23:50.000Z"}
{"Place":["Toronto, Ontario"],"Tweet":"The speaker will always be included. 💜 https://t.co/Fyt2PiyVy9","Language":"en","Retweet":0,"Replies":0,"Likes":0,"Quotes":0,"Created At":"2021-02-12T15:24:48.000Z"}
{"Place":["Vicenza, Veneto"],"Tweet":"@bts_bighit Loveeeee💜💜💜💜💜💜 \n#Curated_for_ARMY #JUNGKOOK #BTS #BTS_BE #BTSARMY #BTSWORLD","Language":"en","Retweet":0,"Replies":0,"Likes":0,"Quotes":0,"Created At":"2021-02-12T15:26:36.000Z"}
{"Place":["Manhattan, NY"],"Tweet":"#MarkTuan_OneInAMillion\n@marktuan #MarkTuanStudios #TeamWang #ChineseNewYear #YearOfTheOx @CAgovernor @KeyshiaCole @chrisbrown @NYGovCuomo @jus2daily @defdaily @teamwangofcl @Koreaboo @arirangtvnews @ChinaDaily #Unity @XHNews #Korea #KPop #JPop #MPop #Pop @ABC7NY @abc7newsbayarea https://t.co/Nwr1dIa992","Language":"und","Retweet":0,"Replies":0,"Likes":0,"Quotes":0,"Created At":"2021-02-12T15:27:05.000Z"}
{"Place":["Cainta, Calabarzon"],"Tweet":"Yes maknae always has that bt speaker anywhere he goes https://t.co/bHGRNZoYyM","Language":"en","Retweet":0,"Replies":0,"Likes":0,"Quotes":0,"Created At":"2021-02-12T15:27:09.000Z"}
{"Place":["Chom Phon, Thailand"],"Tweet":"JK, d ako pwede mglagay ng speakers baka ireport ako ng kapitbahay sa building management kaya earphones nalang gagamitin k? https://t.co/QxiHLELsuY","Language":"tl","Retweet":0,"Replies":0,"Likes":0,"Quotes":0,"Created At":"2021-02-12T15:27:44.000Z"}
{"Place":["Manhattan, NY"],"Tweet":"#MarkTuan_OneInAMillion\n@marktuan #MarkTuanStudios #TeamWang #ChineseNewYear #YearOfTheOx @CAgovernor @KeyshiaCole @chrisbrown @NYGovCuomo @jus2daily @defdaily @teamwangofcl @Koreaboo @arirangtvnews @ChinaDaily #Unity @XHNews #Korea #KPop #JPop #MPop #Pop @ABC7NY @abc7newsbayarea https://t.co/HOBHBPFjX8","Language":"und","Retweet":0,"Replies":0,"Likes":0,"Quotes":0,"Created At":"2021-02-12T15:28:11.000Z"}
{"Place":["Florianópolis, Brazil"],"Tweet":"💜 https://t.co/sKHZFgajE0","Language":"und","Retweet":0,"Replies":0,"Likes":0,"Quotes":0,"Created At":"2021-02-12T15:29:01.000Z"}
{"Place":["Manhattan, NY"],"Tweet":"#MarkTuan_OneInAMillion\n@marktuan #MarkTuanStudios #TeamWang #ChineseNewYear #YearOfTheOx @CAgovernor @KeyshiaCole @chrisbrown @NYGovCuomo @jus2daily @defdaily @teamwangofcl @Koreaboo @arirangtvnews @ChinaDaily #Unity @XHNews #Korea #KPop #JPop #MPop #Pop @ABC7NY @abc7newsbayarea https://t.co/gx5TmvRgQy","Language":"und","Retweet":0,"Replies":0,"Likes":0,"Quotes":0,"Created At":"2021-02-12T15:29:03.000Z"}
