{"Place":["Jesolo, Veneto"],"Tweet":"JINNNNNNNN 🥰 https://t.co/sEMwa3wY5q","Language":"und","Retweet":0,"Replies":0,"Likes":0,"Quotes":0,"Created At":"2021-02-12T13:03:42.000Z"}
{"Place":["Saraikela Kharsawan, India"],"Tweet":"#vh1india #Vh1Playlist please can you play Black swan by #BTS @Vh1India Please please please please please please please please please please please please please","Language":"en","Retweet":0,"Replies":0,"Likes":0,"Quotes":0,"Created At":"2021-02-12T13:03:50.000Z"}
{"Place":["Changwon-si, Republic of Korea"],"Tweet":"위로받고 싶을 때 들어보세요 영탁 이불\n#영탁 #youngtak #영탁이불 #영탁신곡 #vlive #영탁의불쑥tv #노래추천 #좋아요 #daily #mood #kpop #music #comforter #valentine #발렌타인데이 https://t.co/qFvLraTnji","Language":"ko","Retweet":0,"Replies":0,"Likes":1,"Quotes":0,"Created At":"2021-02-12T13:04:16.000Z"}
{"Place":["Paju-si, Republic of Korea"],"Tweet":"출현이 아닌 자료화면? 낚시로구만!😑 https://t.co/g2KCeNm3XZ","Language":"ko","Retweet":0,"Replies":0,"Likes":0,"Quotes":0,"Created At":"2021-02-12T13:04:28.000Z"}
{"Place":["Meknes, Morocco"],"Tweet":"Follow me on tiktok to see all my tiktok drawings videos\n#videos #tiktok #follow #TAEHYUNG #kimtaehyung #taetae #jeonjungkook #jungkook #drawings #bts #v #jimin #parkjimin #kimnamjoon #tata #dynamite #btsarmy #kookie #rm #drawing #myart #illustration #draw #art #draws #painting https://t.co/eRfbx3uX5A","Language":"en","Retweet":0,"Replies":0,"Likes":0,"Quotes":0,"Created At":"2021-02-12T13:12:07.000Z"}
{"Place":["Changwon-si, Republic of Korea"],"Tweet":"위로받고 싶을 때 들어보세요 영탁 이불\n#영탁 #youngtak #영탁이불 #영탁신곡 #vlive #영탁의불쑥tv #노래추천 #좋아요 #daily #mood #kpop #music #comforter #valentine #발렌타인데이 https://t.co/mRD6dTebVa","Language":"ko","Retweet":0,"Replies":0,"Likes":0,"Quotes":0,"Created At":"2021-02-12T13:14:06.000Z"}
{"Place":["Meknes, Morocco"],"Tweet":"Follow me on tiktok to see my tiktok drawings videos\nhttps://t.co/KDkgItWwYg\n#TikTok #fyp #fypシ #drawings #tiktok #foryoupage #follow #videos #fypchallenge #draw #drawing #myart #illustration #art #fanart #draws #twitch #Instagram #BTS #army #bangtanboys #jimin #jungkook","Language":"en","Retweet":0,"Replies":0,"Likes":0,"Quotes":0,"Created At":"2021-02-12T13:15:43.000Z"}
{"Place":["Milan, Lombardy"],"Tweet":"2021 together with BTS will be a year filled with only happy things!\nLooking forward to a great year with ARMY 😍 @bts.bighitofficial 💜 en Milan, Italy https://t.co/PBUdd7ZAiW","Language":"en","Retweet":0,"Replies":0,"Likes":0,"Quotes":0,"Created At":"2021-02-12T13:20:57.000Z"}
{"Place":["Punggelan, Indonesia"],"Tweet":"Astagaaaa bapa bapa gtg bgt toloong😭😭💜💜💜💜 #BTS #BTS_BE #BANGTAN https://t.co/3HXRIvW1gt","Language":"in","Retweet":0,"Replies":0,"Likes":0,"Quotes":0,"Created At":"2021-02-12T13:26:10.000Z"}
{"Place":["Kortrijk, België"],"Tweet":"@scooterofficial 🐟🐟🐟 #bendhont #benjaminarttiest #artoninstagram #digitaldrawings #artistic #singer #musician #music #artist #producer #love #instagood #kpop #idol #musicvideo #art #guitar #photography #musica #rap #musicians #actor @instagram @artoninstagram #scooterofficial https://t.co/zrR928eAb4","Language":"und","Retweet":0,"Replies":0,"Likes":0,"Quotes":0,"Created At":"2021-02-12T13:34:18.000Z"}
{"Place":["Kortrijk, België"],"Tweet":"I like this pic. @Mageoplex❤️  #bendhont #benjaminarttiest #instagram #instagram #artoninstagram #digitaldrawings #artistic #singer #musician #music #artist #producer  #instagood #kpop #idol #musicvideo #bhfyp #art  #model #musica #rap #musicians  @instagram @artoninstagram https://t.co/Fea7RkvqOK","Language":"en","Retweet":0,"Replies":0,"Likes":0,"Quotes":0,"Created At":"2021-02-12T13:44:49.000Z"}
{"Place":["Potsdam, Germany"],"Tweet":"#nowplaying #BTS ~ BTS | Dynamite ||| BB RADIO - In #FrankfurtOder #ffo #Brandenburg #GER auf 107.8","Language":"de","Retweet":0,"Replies":0,"Likes":0,"Quotes":0,"Created At":"2021-02-12T14:24:29.000Z"}
{"Place":["Potsdam, Germany"],"Tweet":"#nowplaying #BTS ~ BTS | Dynamite ||| BB RADIO - In #Cottbus #Brandenburg #GER auf 107.2","Language":"de","Retweet":0,"Replies":0,"Likes":0,"Quotes":0,"Created At":"2021-02-12T14:33:12.000Z"}
{"Place":["Potsdam, Germany"],"Tweet":"#nowplaying #BTS ~ BTS | Dynamite ||| #bbradio #rockt #brandenburg","Language":"en","Retweet":0,"Replies":0,"Likes":0,"Quotes":0,"Created At":"2021-02-12T14:35:41.000Z"}
{"Place":["Arjawinangun, Indonesia"],"Tweet":"HAPPY BIRTHDAY J-HOPE🥳🎉🎂💜💜💜 @BTS_twt #JhopeBirthdayChallenge #jhope #bts #bangtanboys #bangtansonyeondan #Happy_JHOPE_Day #oursunshinejhope #JhopeBirthdayGoals https://t.co/UjrXLP7jCw","Language":"en","Retweet":0,"Replies":0,"Likes":0,"Quotes":0,"Created At":"2021-02-12T14:52:47.000Z"}
{"Place":["Kalyan Dombivali, India"],"Tweet":"OMG 😭😭💜💜 https://t.co/jepVMmwHuB","Language":"und","Retweet":0,"Replies":0,"Likes":0,"Quotes":0,"Created At":"2021-02-12T14:55:37.000Z"}
{"Place":["Sawah Besar, Indonesia"],"Tweet":"Ini kaya tangan jeykey gak sih https://t.co/Hi5mpVIXkT","Language":"in","Retweet":0,"Replies":0,"Likes":0,"Quotes":0,"Created At":"2021-02-12T14:59:07.000Z"}
{"Place":["Norzagaray, Central Luzon"],"Tweet":"I instantly knew it was Jungkook.🤩 https://t.co/DsGFhwz50Q","Language":"en","Retweet":0,"Replies":0,"Likes":0,"Quotes":0,"Created At":"2021-02-12T15:02:42.000Z"}
{"Place":["Rostov-na-Donu, Russia"],"Tweet":"ГУКИ Я ТАК И ЗНАЛА ЧТО КОЛОНКИ ТВОИ НО РЫБКИ ?🌸😭💕❤️💖✨🐠🐟 https://t.co/6EOEq2BY1k","Language":"ru","Retweet":0,"Replies":0,"Likes":0,"Quotes":0,"Created At":"2021-02-12T15:05:12.000Z"}
{"Place":["Jamaica"],"Tweet":"Omg I love him so much 😭 https://t.co/xmJQyKc6pR","Language":"en","Retweet":0,"Replies":0,"Likes":0,"Quotes":0,"Created At":"2021-02-12T15:05:12.000Z"}
{"Place":["Province of Moscow, Russia"],"Tweet":"Дождалась я весточки от любимого\n#JUNGKOOK https://t.co/l9VhHXLvuv","Language":"ru","Retweet":0,"Replies":0,"Likes":0,"Quotes":0,"Created At":"2021-02-12T15:05:26.000Z"}
{"Place":["Lester, PA"],"Tweet":"Jungkookie's lovely voice 🥺🥺🥺 https://t.co/W5HLEdFUqH","Language":"en","Retweet":0,"Replies":0,"Likes":0,"Quotes":0,"Created At":"2021-02-12T15:06:52.000Z"}
{"Place":["Cebu City, Central Visayas"],"Tweet":"goldfish &amp; speakers ♡ https://t.co/nBz2JuneRQ","Language":"en","Retweet":0,"Replies":0,"Likes":0,"Quotes":0,"Created At":"2021-02-12T15:07:58.000Z"}
